﻿<?xml version="1.0" encoding="utf-8" ?>
<Configuration>
    <ViewDefinitions>
        <View>
            <Name>System.Reflection.Assembly</Name>
            <ViewSelectedBy>
                <TypeName>System.Reflection.Assembly</TypeName>
            </ViewSelectedBy>

            <TableControl>
                <TableHeaders>
                    <TableColumnHeader>
                        <Label>GAC</Label>
                        <Width>6</Width>
                    </TableColumnHeader>
                    <TableColumnHeader>
                <Label>Version</Label>
                        <Width>14</Width>
                    </TableColumnHeader>
                    <TableColumnHeader/>
                </TableHeaders>
                <TableRowEntries>
                    <TableRowEntry>
                        <TableColumnItems>
                            <TableColumnItem>
<PropertyName>GlobalAssemblyCache</PropertyName>
                            </TableColumnItem>
                            <TableColumnItem>
<PropertyName>ImageRuntimeVersion</PropertyName>
                            </TableColumnItem>
                            <TableColumnItem>
                                <PropertyName>Location</PropertyName>
                            </TableColumnItem>
                        </TableColumnItems>
                    </TableRowEntry>
                 </TableRowEntries>
            </TableControl>
        </View>
    </ViewDefinitions>
</Configuration>
